text_string,occurs_100k
london,19.3038
richmond,0.37136
hampstead,0.24818
soho,0.24484
kingston,0.19621
hyde park,0.1843
greenwich,0.16725
millbank,0.16154
westminster,0.15943
west end,0.15899
covent garden,0.1567
oxford street,0.15257
chelsea,0.15145
chatham,0.14457
islington,0.12958
pall mall,0.12493
scotland yard,0.12015
trafalgar square,0.11352
london bridge,0.10466
kew,0.10295
paddington,0.09976
park lane,0.09853
knightsbridge,0.09551
heathrow,0.09168
buckingham palace,0.09096
putney,0.09078
hammersmith,0.09024
haymarket,0.08971
east end,0.08619
grosvenor square,0.08565
kensington gardens,0.08255
belgravia,0.08109
croydon,0.08075
camden town,0.08049
highgate,0.08048
bloomsbury,0.08004
leicester square,0.07976
holborn,0.07404
southwark,0.06974
jermyn street,0.06971
bayswater,0.06947
middlesex,0.06866
fulham,0.06703
south kensington,0.06541
harley street,0.06478
tottenham court road,0.06053
piccadilly,0.06042
fleet street,0.05967
notting hill,0.05943
battersea,0.05818
berkeley square,0.05753
shoreditch,0.0551
st james s park,0.05484
hillingdon,0.0515
downing street,0.0486
pimlico,0.04826
rainham,0.04791
southampton street,0.04767
eaton square,0.04707
victoria station,0.04692
green park,0.04637
clerkenwell,0.04619
lombard street,0.04555
orpington,0.0453
hoxton,0.04394
shaftesbury avenue,0.04368
charing cross road,0.04319
curzon street,0.04273
hyde park corner,0.0425
westminster bridge,0.04211
trafalgar,0.04174
hanover square,0.04042
hounslow,0.04013
south london,0.03968
russell square,0.03935
chancery lane,0.03897
dulwich,0.0388
portman square,0.03856
st martin s lane,0.03807
mayfair,0.03806
cavendish square,0.03799
portland place,0.03795
bond street,0.03756
twickenham,0.03688
clapham,0.0365
kentish town,0.03588
fulham road,0.03585
national gallery,0.0356
st james s square,0.03496
regent street,0.03495
dagenham,0.03454
wandsworth,0.03396
aldgate,0.03333
pentonville,0.03318
victoria street,0.03296
waterloo place,0.03277
belgrave square,0.03268
tavistock,0.03267
waterloo bridge,0.03253
euston,0.03238
liverpool street,0.03181
sloane street,0.0311
mansion house,0.03108
north london,0.03098
edgware road,0.03097
chiswick,0.0309
vauxhall bridge road,0.03084
old bailey,0.03083
westminster hall,0.03025
wardour street,0.03003
st john s wood,0.02952
richmond park,0.0287
holland park,0.02831
zoological gardens,0.02819
broad street,0.02815
east london,0.02796
spitalfields,0.02796
willesden,0.02773
streatham,0.02768
marylebone,0.02675
wapping,0.02652
roehampton,0.02638
euston road,0.02599
brentford,0.02502
bedford square,0.02483
gower street,0.02481
st james s,0.02477
wembley,0.02424
hampstead heath,0.02402
limehouse,0.02343
sloane square,0.02338
soho square,0.02309
st pancras,0.02285
uxbridge,0.02266
ludgate hill,0.02241
poland street,0.0224
primrose hill,0.0223
dorset street,0.02209
kew gardens,0.02204
waterloo station,0.02189
camberwell,0.02188
westminster abbey,0.0215
harmondsworth,0.02096
cheapside,0.02058
stanmore,0.0203
brompton road,0.01995
bermondsey,0.01989
hatton garden,0.01976
grosvenor street,0.01936
mortlake,0.01921
west kensington,0.01899
regent s park,0.01897
tottenham,0.01883
welbeck street,0.01881
south audley street,0.01866
glenthorn,0.01854
kennington,0.01823
thrush green,0.01819
albemarle street,0.01812
albert hall,0.01795
balham,0.01783
cromwell road,0.01759
finchley,0.01749
leadenhall street,0.01732
bayswater road,0.01728
west london,0.01723
harrow,0.01708
paddington station,0.0168
notting hill gate,0.01657
wimpole street,0.01652
kensington palace,0.01645
great russell street,0.01642
gloucester road,0.01634
lancaster gate,0.01634
tower bridge,0.01624
east end of london,0.01619
walthamstow,0.01615
great portland street,0.01578
ladbroke grove,0.01545
palace gardens,0.01536
barnet,0.01535
romford,0.01516
kensington high street,0.01513
golden square,0.01488
battersea park,0.01478
marylebone road,0.0147
fitzroy square,0.01467
middle temple,0.01453
kilburn,0.01452
west end of london,0.0145
charing cross,0.01426
bloomsbury square,0.01425
euston square,0.01399
eastcheap,0.01391
finsbury park,0.01387
eltham,0.01386
bow street,0.0135
brick lane,0.01303
clarges street,0.01293
threadneedle street,0.01261
old kent road,0.01258
mile end road,0.01251
lowndes square,0.01247
cheyne walk,0.01223
peckham,0.01222
bruton street,0.01214
hackney,0.0121
bethnal green,0.01209
dover street,0.01207
whitechapel road,0.012
blackfriars bridge,0.01197
plumstead,0.01186
hanover street,0.01182
hornsey,0.01173
london town,0.01172
finchley road,0.01156
clapham junction,0.01149
dean street,0.01148
campden hill,0.01146
belsize park,0.01144
stepney,0.01141
great marlborough street,0.01139
eegent street,0.01125
harrow road,0.01122
ebury street,0.011
enfield,0.0109
old compton street,0.01081
minories,0.01072
maida vale,0.01068
castelneau,0.01061
nijinsky,0.01041
uxbridge road,0.01037
tavistock square,0.01034
paternoster square,0.0103
euston station,0.01021
praed street,0.01013
putney bridge,0.00994
wigmore street,0.00994
northumberland avenue,0.00992
south ken,0.00985
st james s hall,0.00979
gray s inn road,0.00978
stoke newington,0.00976
ilford,0.00974
garamond,0.00963
british museum,0.00961
kensal green,0.0096
isleworth,0.00953
london library,0.00948
muswell hill,0.00947
portobello road,0.00947
leman street,0.00946
fulham palace road,0.00944
greek street,0.00944
albert memorial,0.00944
bishopsgate street,0.00932
south kensington museum,0.00907
haverstock hill,0.009
queen s hall,0.009
berwick street,0.00899
connaught,0.00896
parliament square,0.00895
mortimer street,0.00891
moorfields,0.00888
hampstead road,0.00887
beckenham,0.00885
petticoat lane,0.00883
marshalsea,0.00879
london hospital,0.00873
great suffolk street,0.00872
brentham,0.00863
marlborough street,0.00861
gracechurch street,0.0086
heme hill,0.00859
manchester square,0.00847
finsbury,0.00841
mitcham,0.00841
vigo street,0.00834
upper street,0.00827
cafe royal,0.00825
gloucester place,0.00821
fairacre,0.00821
frith street,0.00821
mincing lane,0.00816
st paul s,0.00809
old bond street,0.00804
dalston,0.00803
caledonian road,0.00802
westbourne grove,0.00798
commercial road,0.00792
cadogan square,0.00783
greenwich park,0.00779
teddington,0.00778
london parks,0.0077
county hall,0.00763
great ormond street,0.00762
athole,0.00757
belsize,0.00749
tyburnia,0.00745
marryat,0.00743
pancras road,0.00743
waterloo road,0.00742
court road,0.00739
shoe lane,0.00737
west hampstead,0.00732
melchester,0.00729
bouverie street,0.00728
gunnersbury,0.0072
stamford bridge,0.00719
ratcliffe highway,0.00718
vauxhall bridge,0.00714
coventry street,0.00712
north kensington,0.00704
farringdon street,0.00703
fetter lane,0.00693
red lion square,0.00686
purley,0.00683
great queen street,0.0068
new oxford street,0.00676
gloucester terrace,0.00675
belgravian,0.00673
holloway road,0.0067
londra,0.0067
denmark hill,0.00669
grosvenor gardens,0.00667
kensington church street,0.00664
burlington gardens,0.00661
greater london,0.00659
cursitor street,0.00659
great russell street london,0.00655
st george s hospital,0.00649
tooley street,0.00648
herne hill,0.00645
upper brook street,0.00642
stamford hill,0.00633
heathrow airport,0.00633
hyde park gardens,0.00631
battersea bridge,0.00631
cricklewood,0.00629
bambridge,0.00618
cork street,0.0061
leytonstone,0.00607
white hall,0.00603
cornhill,0.00602
stepney green,0.00601
albany street,0.006
british islands,0.00599
gerrard street,0.00597
houndsditch,0.00593
hungerford bridge,0.00591
queen s gate,0.00589
king william street,0.00588
goodge street,0.00573
goldhawk road,0.00571
claverton street,0.00571
whitehall,0.00569
rutland gate,0.00566
berkeley street,0.00561
grosvenor gallery,0.00559
homerton,0.00559
catford,0.00558
throgmorton street,0.00558
new bond street,0.00551
lon don,0.00551
monmouth street,0.00549
turnham green,0.00549
chislehurst,0.00549
beauchamp tower,0.00548
old brompton road,0.00546
hammersmith bridge,0.00544
penge,0.00536
moorgate,0.00535
lothbury,0.00535
canning town,0.00522
guilford street,0.00518
farringdon road,0.00517
gray s inn lane,0.00507
chester square,0.00506
new scotland yard,0.00502
dollis hill,0.00495
hounslow heath,0.00494
golders green,0.00493
osnaburgh street,0.00491
st mungo,0.00489
leyton,0.00489
camden road,0.00488
museum street,0.00486
seething lane,0.00486
blackfriars,0.00485
buckingham palace road,0.00482
westminster bridge road,0.00481
lambeth bridge,0.0048
furnival,0.0048
shortlands,0.00477
central london,0.00476
st thomas s hospital,0.00474
daubeney,0.00473
barbican,0.00472
liverpool street station,0.0047
whitecross street,0.00468
eegent s park,0.00465
torrington square,0.00465
inner temple,0.00462
lowndes,0.00461
finsbury square,0.00459
mitre square,0.00458
east ham,0.00458
st james s palace,0.00456
londinium,0.00454
almeida,0.00454
blackfriars road,0.00453
bryanston square,0.00451
albert bridge,0.00451
marshalsea prison,0.00448
st james street,0.00448
crayford,0.00448
brixton road,0.00445
north circular road,0.00438
aldersgate street,0.00437
west hill,0.00436
walham green,0.00431
stockwell,0.0043
tufnell park,0.00429
tristram shandy,0.00429
chingford,0.00425
smith square,0.00423
cockspur street,0.00422
bucklersbury,0.0042
london wall,0.00409
north end road,0.00406
red lion street,0.00405
poplar,0.00405
onslow square,0.00404
wanstead,0.00403
brixton prison,0.00402
camden high street,0.00401
onslow gardens,0.00399
farringdon,0.00398
lisson grove,0.00398
sternhold,0.00396
hanbury street,0.00395
walworth road,0.00395
edgeware road,0.00394
guy s hospital,0.00392
new burlington street,0.0039
stamford street,0.0039
new street square,0.00386
tate gallery,0.00385
silvertown,0.00382
chessington,0.00382
bedford row,0.00381
aldrick,0.0038
grosvenor road,0.00378
compton street,0.00377
hertford street,0.00374
panton street,0.00373
villiers street,0.00372
st pancras station,0.00372
wardour,0.00371
berners street,0.0037
meard street,0.00369
sussex gardens,0.00369
greenford,0.00367
albert gate,0.00366
carnaby street,0.00366
london longmans,0.00366
holland park avenue,0.00364
new cross,0.00364
kennington road,0.00363
london street,0.00362
highgate cemetery,0.00362
kew bridge,0.00361
erith,0.0036
bryanstone square,0.0036
east india dock road,0.00359
cheniston,0.00357
adelphi terrace,0.00354
nelson square,0.00352
queen victoria street,0.00352
westbourne park,0.00351
camden lock,0.00351
fulham broadway,0.00351
petty france,0.00349
thornhaugh street,0.00347
st thomas s,0.00346
kilburn high road,0.00346
clapham road,0.00345
pont street,0.00344
east croydon,0.00343
east hill,0.00342
eastcote,0.00341
childeric,0.0034
central hall,0.00339
carlton house terrace,0.00339
great new street,0.00337
st james park,0.00337
waterlow park,0.00336
brompton square,0.00336
great george street,0.00336
st paul s churchyard,0.00335
chenies street,0.00334
malmsey,0.00334
london city,0.00332
neustria,0.0033
brixton hill,0.00329
hammersmith broadway,0.00329
redriff,0.00328
old broad street,0.00328
jamaica road,0.00328
covent garden market,0.00327
coleman street,0.00327
london magazine,0.00325
middlesex street,0.00324
pentonville road,0.00323
westbourne terrace,0.00322
hornchurch,0.00322
albert museum,0.00321
doughty street,0.00319
kingsland road,0.00319
charing cross station,0.00319
upper norwood,0.00319
woburn place,0.00318
billiter street,0.00318
east finchley,0.00317
st luke s,0.00317
great court,0.00316
holborn viaduct,0.00315
mecklenburgh square,0.00313
willesden lane,0.00312
covent garden theatre,0.00312
southall,0.00311
buckingham gate,0.0031
gresham street,0.00308
aldwych,0.00308
hurlingham,0.00308
shuldham,0.00307
burlington street,0.00307
young england,0.00306
marylebone high street,0.00305
chesterfield street,0.00304
kensington road,0.00303
wigmore hall,0.00302
de crespigny park,0.00301
tulse hill,0.003
lalage,0.00299
clerkenwell road,0.00296
barnsbury park,0.00296
canonbury square,0.00295
queen square london,0.00294
wembley park,0.00293
copse hill,0.00293
lambeth road,0.00291
brockley,0.00291
kensington palace gardens,0.0029
drummond street,0.0029
bloomsbury street,0.0029
acre lane,0.00287
wellclose square,0.00286
vincent square,0.00286
bethnal green road,0.00286
vauxhall bridge road london,0.00285
canary wharf,0.00285
berner street,0.00285
carshalton,0.00283
kingsway,0.00283
pimlico road,0.00282
upper grosvenor street,0.00282
tavistock street,0.00281
cadogan place,0.00279
st george s fields,0.00279
forest gate,0.00279
middle temple lane,0.00278
st ethelburga,0.00278
stamford brook,0.00278
vauxhall gardens,0.00275
gibson square,0.00275
devonshire street,0.00275
south quay,0.00275
battersea power station,0.00275
st alphage,0.00273
sydenham hill,0.00271
harringay,0.00271
surbiton,0.0027
sutton,0.0027
west india dock road,0.00268
lambeth,0.00268
aldgate east,0.00267
carlton terrace,0.00267
queenhithe,0.00265
crawford street,0.00265
old burlington street,0.00265
surrey street,0.00265
ely place,0.00264
pembridge square,0.00263
keston,0.00262
wellington barracks,0.00261
america square,0.00261
prince regent,0.0026
st luke s square,0.00259
tothill street,0.00259
totten ham court road,0.00258
marylebone gardens,0.00257
lexham gardens,0.00257
clapham common,0.00257
queen s square,0.00256
goswell road,0.00256
leicester house,0.00256
liverpool road,0.00255
brompton cemetery,0.00254
great titchfield street,0.00254
paddington green,0.00254
new kent road,0.00254
theobald s road,0.00252
kensal rise,0.00252
willesden junction,0.00252
kentish town road,0.00251
south kensing,0.00251
tregunter road,0.00251
kegent street,0.00251
ratcliff highway,0.00249
london ,0.00247
lammas,0.00246
porchester terrace,0.00245
davies street,0.00245
northwood,0.00243
milton street,0.00242
clifford street,0.0024
st james square,0.0024
londres,0.0024
cable street,0.0024
midland hotel,0.00238
camberwell grove,0.00238
basuto,0.00237
st mark s place,0.00236
south east london,0.00236
harefield,0.00236
saffron hill,0.00235
barnsbury,0.00235
lower thames street,0.00234
eotherhithe,0.00233
gough square,0.00232
south molton street,0.00232
carlton house,0.00232
earls court,0.00231
putney heath,0.00231
hammersmith road,0.0023
wembley stadium,0.0023
chalk farm road,0.0023
shooter s hill,0.00229
thames tunnel,0.00227
fairhazel gardens,0.00226
st bartholomew s hospital,0.00226
london charities,0.00226
guildford street,0.00225
birchin lane,0.00225
calthorpe street,0.00225
essex road,0.00224
caxton hall,0.00224
cowley street,0.00223
trinity square,0.00223
old street,0.00223
kennington park,0.00222
hanway street,0.00222
bethlem,0.00221
rignold,0.0022
turnmill street,0.00219
chesham place,0.00218
great college street,0.00217
bedfont,0.00216
port of london,0.00216
dolphin square,0.00215
bread street,0.00215
basinghall street,0.00214
harlesden,0.00213
frontispiece,0.00213
clissold park,0.00213
connaught square,0.00212
earls court road,0.00212
west smithfield,0.0021
ossulston,0.00208
somers town,0.00208
kew green,0.00208
holloway prison,0.00208
montagu square,0.00207
london clinic,0.00206
hillingdon hall,0.00205
west drayton,0.00205
ritz hotel,0.00204
bench walk,0.00204
great coram street,0.00204
wood green,0.00204
claridges,0.00203
gray s inn square,0.00202
south kensington station,0.00202
banstead downs,0.00202
rathbone place,0.00201
brown s hotel,0.00201
wandle,0.00201
russell square london,0.00201
st gildas,0.00201
change alley,0.002
norbiton,0.002
cranbourne alley,0.002
canonbury,0.002
cappagh,0.00199
clare market,0.00199
abingdon street,0.00198
walcot square,0.00197
ave maria lane,0.00196
southwark bridge,0.00196
anerley,0.00195
putney high street,0.00195
embankment gardens,0.00194
upton park,0.00193
bellenden,0.00193
beauchamp place,0.00193
cumberland gate,0.00191
tothill fields,0.00191
haggerston,0.00191
rosoman street,0.0019
tavistock hotel,0.00189
kensal green cemetery,0.00189
bow road,0.00188
horseferry road,0.00188
north audley street,0.00188
scrope,0.00187
victoria tower,0.00186
alexandra palace,0.00186
harecourt,0.00184
pumblechook,0.00184
pall mall east,0.00184
birdcage walk,0.00184
rosslyn hill,0.00183
strutton ground,0.00182
mafeking road,0.00181
haverley,0.00181
holborn bridge,0.0018
chiffinch,0.0018
brondesbury,0.0018
etchingham park,0.0018
goswell street,0.00179
arkley,0.00179
cremorne gardens,0.00179
white hart lane,0.00178
stepney parish,0.00178
hoxton street,0.00177
paphlagonia,0.00177
montpelier square,0.00177
neasden,0.00176
upminster,0.00176
east dulwich,0.00176
cumberland hotel,0.00175
coldharbour lane,0.00173
quiney,0.00173
st paul s cathedral,0.00172
ennismore gardens,0.00171
railton road,0.00171
haringey,0.00171
ovington square,0.00171
great turnstile,0.00171
ravenscourt park,0.00171
hampstead garden suburb,0.0017
totteridge,0.00169
hoxton square,0.00168
warwick avenue,0.00168
scot land yard,0.00167
camberwell green,0.00167
market place,0.00167
north west london,0.00167
holloway gaol,0.00167
wandsworth road,0.00167
barnes bridge,0.00166
beckton,0.00166
aegean islands,0.00166
west minster bridge,0.00166
hammersmith palais,0.00166
west end lane,0.00166
middlesex hospital,0.00166
mitre street,0.00166
cheshire cheese,0.00166
windmill street,0.00165
highgate wood,0.00164
eccleston square,0.00164
ingestre road,0.00163
moorgate street,0.00163
turnbull street,0.00163
colindale,0.00163
savoy hill,0.00163
great northern hotel,0.00162
stationers hall,0.00162
lillie bridge,0.00162
ranelagh gardens,0.00162
brompton oratory,0.00161
raynes park,0.00161
millennium dome,0.00161
euston road london,0.0016
ormond street,0.0016
apsley house,0.00159
north finchley,0.00159
lea bridge,0.00159
havering,0.00159
dorset square,0.00159
southwark street,0.00158
phillimore gardens,0.00158
bury street,0.00158
west croydon,0.00157
st clement danes,0.00157
kentish village,0.00157
brockwell park,0.00157
dowgate,0.00156
south norwood,0.00156
blackwall tunnel,0.00156
london london,0.00155
grays inn road,0.00155
royal opera house,0.00155
bolton gardens,0.00155
gray s inn,0.00155
lambeth palace,0.00154
prince of wales road,0.00154
beaufort gardens,0.00153
kennington oval,0.00153
scadbury,0.00153
trevor square,0.00152
twitenham,0.00152
willesden green,0.00151
physic garden,0.00151
streatham hill,0.0015
leather lane,0.0015
saint james s park,0.0015
downshire hill,0.0015
kensington park road,0.00149
upper berkeley street,0.00147
holland road,0.00146
floral street,0.00146
theobalds road,0.00145
big ben,0.00145
netherhall gardens,0.00145
drayton gardens,0.00145
colney hatch,0.00145
lupus street,0.00143
king s cross,0.00143
castellain,0.00143
agar town,0.00143
ickenham,0.00143
glebe place,0.00142
daleham,0.00142
broadwick street,0.00142
pentonville prison,0.00141
great gaunt street,0.00141
london hotel,0.00141
st john s street,0.00141
cock lane,0.0014
chiswick mall,0.00139
cheam,0.00139
newington green,0.00139
hendon,0.00139
paris garden,0.00139
portland road station,0.00138
southwark street london,0.00138
southampton row,0.00138
denbigh street,0.00138
giltspur street,0.00137
harrington gardens,0.00137
london stone,0.00137
tite street,0.00137
south west london,0.00137
turnpike lane,0.00137
manchester street,0.00137
long field,0.00136
toynbee hall,0.00136
hans place,0.00136
hammersmith grove,0.00136
wandsworth prison,0.00136
chepstow villas,0.00136
campden hill road,0.00136
endell street,0.00136
south circular,0.00135
belgrave road,0.00135
stanhope gate,0.00135
rosebery avenue,0.00134
marble arch,0.00134
upper richmond road,0.00134
granta,0.00133
m r c s eng ,0.00133
london heathrow,0.00133
peckham rye,0.00132
montague square,0.00132
wellcombe,0.00131
gros venor square,0.00131
latimer road,0.00131
st marylebone,0.00131
frognal,0.00131
portman street,0.0013
harrods,0.0013
waterloo street,0.0013
clarges,0.0013
euston square station,0.00129
woburn square,0.00129
warwick gardens,0.00129
regents park,0.00129
st thomas s street,0.00129
garrick street,0.00128
south hampstead,0.00128
newgate,0.00128
hendon hall,0.00127
pater noster row,0.00127
seymour place,0.00127
stoughton london,0.00126
west kensing,0.00126
broadhurst gardens,0.00126
perivale,0.00126
exhibition road,0.00126
royal garden hotel,0.00126
camden market,0.00125
greenwich palace,0.00125
east heath road,0.00124
hyde park gate,0.00124
hanwell,0.00124
vanburgh,0.00124
st george s square,0.00124
new southgate,0.00123
gutter lane,0.00122
hackney empire,0.00122
st john street road,0.00122
westminister,0.00122
borough road,0.00122
pudding lane,0.00121
bethlehem hospital,0.00121
marsham street,0.00121
augustus road,0.00121
kennington lane,0.00121
edwardes square,0.0012
st peter s street,0.0012
wakefield tower,0.0012
haymarket theatre,0.0012
centre point,0.00119
eel pie island,0.00119
london central,0.00118
hornsey road,0.00118
addiscombe,0.00117
kabul gate,0.00117
tate modern,0.00116
lower sloane street,0.00116
abchurch lane,0.00116
monplaisir,0.00115
kilburn park,0.00115
royal albert hall,0.00115
hampdens,0.00114
mornington crescent,0.00114
whitleys,0.00114
morden,0.00114
ardevora,0.00113
covcnt garden,0.00113
snaresbrook,0.00113
merton park,0.00113
whitechapel high street,0.00111
nile delta,0.00111
great tower street,0.00111
marylebone lane,0.0011
petty wales,0.0011
twickenham park,0.0011
supreme being,0.00109
gloucester gate,0.00109
beak street,0.00109
little russell street,0.00109
guanabara,0.00108
stratford bow,0.00108
dulwich gallery,0.00108
cam den town,0.00108
st martin s le grand,0.00107
ealing broadway,0.00107
high holborn,0.00107
middle temple hall,0.00107
inner temple lane,0.00107
bentinck street,0.00107
edgware,0.00107
pennyfields,0.00106
london museum,0.00105
fournier street,0.00105
worship street,0.00105
elizabethan london,0.00105
lollard,0.00104
lord hood,0.00104
northolt,0.00104
de vere gardens,0.00104
burlington arcade,0.00104
highbury corner,0.00104
hampton wick,0.00104
victoria dock road,0.00103
soho square london,0.00103
coptic street,0.00102
london pavilion,0.00102
stratford east,0.00102
convent garden,0.00101
london dock,0.00101
shadwell basin,0.001
margaret street,0.001
kenley,0.001
wilton crescent,0.001
clanricarde gardens,0.00099
cranbourn alley,0.00099
belsize square,0.00099
victoria dock,0.00099
trafal gar square,0.00099
soho street,0.00099
camberwell new road,0.00099
south eaton place,0.00098
highgate archway,0.00098
st george s in the east,0.00098
mottingham,0.00098
beany,0.00098
craven hill,0.00098
air street,0.00098
victoria palace,0.00098
wanstead flats,0.00097
jacob s island,0.00097
bechstein hall,0.00097
westminster palace,0.00097
east lane,0.00097
leadenhall market,0.00097
clerken,0.00096
quex road,0.00096
great smith street,0.00096
earlsfield,0.00096
new cavendish street,0.00095
finsbury pavement,0.00095
hammersmith hospital,0.00095
talfourd,0.00095
dalston junction,0.00095
london docks,0.00095
kensington museum,0.00095
hatchards,0.00095
tabard street,0.00095
saint james s square,0.00094
finsbury fields,0.00094
eoehampton,0.00094
wenlock,0.00094
hereford square,0.00094
chiswick high road,0.00093
west bourne grove,0.00093
woolwich,0.00093
clapham high street,0.00093
gipsy hill,0.00093
halkin street,0.00092
great windmill street,0.00092
rotherhith,0.00092
great james street,0.00092
middlesex county,0.00091
kingston bridge,0.00091
parsons green,0.00091
friern barnet,0.0009
holborn bars,0.0009
birkbeck,0.0009
balls pond road,0.0009
royal hospital road,0.0009
west ken,0.0009
garrick theatre,0.0009
stratford le bow,0.0009
port man square,0.0009
churchfield road,0.00089
london coliseum,0.00089
holloway jail,0.00089
columbia road,0.00089
waltheof,0.00089
marchmont street,0.00089
new barnet,0.00088
deptford creek,0.00088
west norwood,0.00088
kensington gravel pits,0.00088
vauxhall road,0.00088
maclise,0.00088
southwell gardens,0.00088
aldermanbury,0.00087
charing cross hospital,0.00087
bishopgate,0.00087
st martin s street,0.00086
old brompton,0.00086
westbourne green,0.00086
new malden,0.00086
hackney road,0.00086
hampstead theatre,0.00086
redcliffe square,0.00085
bulstrode,0.00085
pinner,0.00085
victoria coach station,0.00085
marechale,0.00084
courtfield gardens,0.00084
camden passage,0.00084
port land place,0.00084
tenos,0.00084
haydon hall,0.00084
dornton,0.00084
thurloe square,0.00084
ireland yard,0.00083
london hilton,0.00083
tollington park,0.00083
pentonwille,0.00083
tachbrook street,0.00083
cranbourn street,0.00082
zoological garden,0.00082
thornton heath,0.00082
west brompton,0.00082
tokenhouse yard,0.00082
westminster road,0.00082
southwark cathedral,0.00082
angel court,0.00082
st swithin s lane,0.00082
south melton street,0.00082
somerstown,0.00081
bow creek,0.00081
bank of england,0.00081
spital fields,0.0008
inverness terrace,0.0008
cadogan hotel,0.0008
stamford st ,0.0008
hayward gallery,0.0008
audley square,0.0008
east putney,0.0008
camden hill,0.0008
sloane square station,0.0008
cressingham,0.0008
battersea park road,0.0008
old baily,0.0008
archway road,0.00079
bloody tower,0.00079
crosby hall,0.00079
hanworth,0.00079
thorney island,0.00079
newington butts,0.00079
tottenham street,0.00079
norwood cemetery,0.00078
st sepulchre s,0.00078
east acton,0.00078
ealing,0.00078
f r g s ,0.00078
pitfield street,0.00078
brocca,0.00077
old palace,0.00077
thurloe,0.00077
somerset house,0.00077
brunswick park road,0.00077
watford way,0.00077
lon don bridge,0.00076
southampton st ,0.00076
west india dock,0.00076
wandsworth common,0.00076
south harrow,0.00076
newington causeway,0.00076
winckworth,0.00076
east barnet,0.00076
little dean s yard,0.00075
bell yard,0.00075
new north road,0.00074
almeida theatre,0.00074
old palace yard,0.00074
greville place,0.00074
upper thames street,0.00074
charterhouse square,0.00074
markham square,0.00074
golden hind,0.00074
london manchester,0.00074
londok,0.00073
hadley wood,0.00073
lord brook,0.00073
kingsway london,0.00072
talgarth road,0.00072
belsize avenue,0.00072
hartley street,0.00072
lowndes street,0.00072
wulfstan,0.00072
tower bridge road,0.00072
roland gardens,0.00071
east cheap,0.00071
shoreditch high street,0.00071
wembley arena,0.00071
east sheen,0.00071
feltham,0.00071
ravensbourne,0.00071
british library,0.00071
prince albert road,0.00071
deptford strand,0.00071
outer temple,0.0007
west london hospital,0.0007
nevern square,0.0007
tavistock place,0.0007
westminster cathedral,0.0007
kenton road,0.0007
leinster square,0.0007
walham,0.0007
south africa house,0.0007
cutty sark,0.0007
westbourne park road,0.00069
albert bridge road,0.00069
addison gardens,0.00069
cadogan gardens,0.00069
broadwick,0.00069
battersea fields,0.00069
upper woburn place,0.00069
beaumont square,0.00069
australia house,0.00069
brick court,0.00068
weymouth street,0.00068
shaftesbury theatre,0.00068
st john s wood road,0.00068
cannon street hotel,0.00068
leicester street,0.00067
kegent s park,0.00067
dockhead,0.00067
seacoal lane,0.00067
islington green,0.00066
whitechapel art gallery,0.00066
hanover square rooms,0.00066
devonshire square,0.00066
duncannon street,0.00066
savage gardens,0.00066
london palladium,0.00066
south lambeth,0.00066
cheyne gardens,0.00065
nelson column,0.00065
tra falgar square,0.00065
inner london,0.00065
strand on the green,0.00064
rosary gardens,0.00064
parlia ment square,0.00064
maze hill,0.00064
russel square,0.00064
parson s green,0.00064
batter sea park,0.00064
tottenham road,0.00064
nunhead,0.00064
euston tower,0.00064
clarkenwell,0.00063
west kilburn,0.00063
kennington common,0.00063
soltikof,0.00063
wandsworth bridge,0.00063
pembridge gardens,0.00063
bedford square london,0.00063
exeter street,0.00063
new maiden,0.00063
hatton gardens,0.00063
greenwich hill,0.00063
arlingford,0.00063
kingston upon thames,0.00063
saville row,0.00062
woldham,0.00062
st martin in the fields,0.00062
wastdale,0.00062
commercial road east,0.00061
royal college street,0.00061
st martin le grand,0.00061
mitre court,0.00061
newham,0.00061
holborn town hall,0.00061
south napier road,0.00061
spital square,0.00061
white cross street,0.0006
all england,0.0006
south croydon,0.0006
east of london,0.0006
horse guards,0.0006
ebury bridge,0.0006
bel grave square,0.0006
biisching,0.00059
parliament,0.00059
queen anne s gate,0.00059
south wark,0.00058
bagnigge,0.00058
ladbroke road,0.00058
kennington park road,0.00058
egerton gardens,0.00058
brixton station,0.00058
hammersmith odeon,0.00058
dyott street,0.00058
clerkenwell green,0.00058
neasdon,0.00058
hackney wick,0.00058
old swan stairs,0.00058
princes gardens,0.00058
teddington lock,0.00057
london district,0.00057
highgate woods,0.00057
sidmouth street,0.00057
hanger lane,0.00057
golborne road,0.00057
halkin,0.00057
highbury barn,0.00057
gray s inn gardens,0.00057
great cumberland place,0.00057
kensal town,0.00057
marylebone station,0.00057
ruskin park,0.00057
holbourn,0.00056
camden town station,0.00056
bedfordbury,0.00056
great sutton street,0.00056
boston manor,0.00056
st mary le strand,0.00056
caven dish square,0.00056
grace church street,0.00056
st john s hill,0.00056
musard,0.00056
castelnau,0.00056
new cross road,0.00056
begent street,0.00055
store street,0.00055
st paul s church yard,0.00055
hackney hospital,0.00055
lordship lane,0.00055
great ormond street hospital,0.00055
quaritch,0.00055
bunhill fields,0.00055
spitalfields market,0.00055
golden square london,0.00055
boulestin,0.00055
belmarsh,0.00055
hackney downs,0.00055
inchbold,0.00054
hakluyt,0.00054
fleetstreet,0.00054
kensington gore,0.00054
lancaster house,0.00054
highgate village,0.00054
kew palace,0.00054
turnagain lane,0.00053
royal court theatre,0.00053
billiter lane,0.00053
ledbury road,0.00053
iiondon,0.00053
holborn empire,0.00053
st clement s danes,0.00053
eaton gate,0.00053
hounsditch,0.00053
new bond street london,0.00053
ilolborn,0.00053
chepstow place,0.00053
hagon,0.00053
limehouse basin,0.00052
grosvenor house hotel,0.00052
titchfield street,0.00052
henrietta street london,0.00052
cheshire street,0.00052
cudham,0.00052
st bride street,0.00052
manciple,0.00052
millennium bridge,0.00052
brompton road london,0.00052
hyde park comer,0.00052
exchange alley,0.00052
dartmouth park hill,0.00052
heneage,0.00052
trebovir road,0.00052
newcome park,0.00052
bermondsey street,0.00052
oldroyd,0.00052
white city stadium,0.00051
hatchard,0.00051
burdale,0.00051
highbury hill,0.00051
albert hall mansions,0.00051
brushfield street,0.00051
north woolwich,0.00051
croyden,0.00051
portsoken,0.00051
jermyn st ,0.00051
jerusalem chamber,0.00051
bexleyheath,0.0005
montfichet,0.0005
palace gardens terrace,0.0005
westminster hospital,0.0005
regency street,0.0005
cheyne row,0.0005
talbot square,0.0005
strand palace hotel,0.0005
hornsey wood,0.0005
hungerford stairs,0.0005
barking creek,0.0005
redcliffe gardens,0.0005
myddelton square,0.0005
south lambeth road,0.00049
st james hall,0.00049
b l ,0.00049
old burlington,0.00049
bentley priory,0.00049
cowcross street,0.00049
guildhall banquet,0.00048
merton road,0.00048
woodford green,0.00048
st james s hotel,0.00048
palace gate,0.00048
west minster bridge road,0.00048
short s gardens,0.00048
algate,0.00048
rhodesia house,0.00048
wliitehall,0.00048
bird cage walk,0.00048
spencer house,0.00047
cannon street road,0.00047
harp alley,0.00047
priory park,0.00047
st pancras church,0.00047
spayne,0.00047
stanmore park,0.00047
queen victoria memorial,0.00047
maryle,0.00047
wimbledon park,0.00047
lambeth palace road,0.00047
worcester park,0.00047
clapham park,0.00047
tabernacle street,0.00047
edg ware road,0.00047
shoreditch station,0.00047
ashburton shield,0.00047
lillie road,0.00047
richmond palace,0.00047
fitzhardinge street,0.00047
cornhil,0.00046
girtin,0.00046
harrow on the hill,0.00046
billiter square,0.00046
hackney marshes,0.00046
norfolk square,0.00046
cromwell gardens,0.00046
edric,0.00046
taverner,0.00046
grove end road,0.00046
westminster palace hotel,0.00046
horselydown,0.00046
great scotland yard,0.00046
great port land street,0.00046
south tottenham,0.00046
england london,0.00046
victoria railway station,0.00046
colman street,0.00046
sadler s wells,0.00046
great newport street,0.00045
dalston lane,0.00045
lud gate,0.00045
russell hotel,0.00045
shirland road,0.00044
royal festival hall,0.00044
castlenau,0.00044
wilmington square,0.00044
swinton street,0.00044
jubilee gardens,0.00044
greenwich pier,0.00044
paddington street,0.00044
west dulwich,0.00044
lant street,0.00044
abney park,0.00044
great james street london,0.00044
myddleton,0.00044
torriano avenue,0.00044
knightsbridge barracks,0.00044
kllburn,0.00044
whitecross street prison,0.00044
bednal green,0.00043
charlwood street,0.00043
grand signor,0.00043
coulsdon,0.00043
endsleigh gardens,0.00043
north east london,0.00043
coolhurst,0.00043
royal free hospital,0.00043
west cromwell road,0.00043
malbrook,0.00043
bexley heath,0.00043
wellclose,0.00042
little newport street,0.00042
milkwood road,0.00042
coburg theatre,0.00042
mainprice,0.00042
st clement s lane,0.00042
new compton street,0.00042
paddington canal,0.00042
hounslow west,0.00042
lokdon,0.00042
hallam street,0.00042
loughborough road,0.00042
clerkenwell prison,0.00041
ossulton,0.00041
devonshire terrace,0.00041
flood street,0.00041
harefleld,0.00041
south belgravia,0.00041
copthall,0.00041
camomile street,0.00041
throgmorton,0.00041
west bourne park,0.00041
winchmore hill,0.00041
gloucester crescent,0.00041
lansdowne crescent,0.0004
shad thames,0.0004
zoologi cal gardens,0.0004
st andrew s hill,0.0004
upper holloway,0.0004
panyer alley,0.0004
gower street station,0.0004
kensington palace hotel,0.0004
cadogan street,0.0004
boisdale,0.0004
devonshires,0.0004
fish street hill,0.0004
petts wood,0.0004
crom well road,0.0004
harrow hill,0.0004
regent park,0.0004
royal borough,0.0004
bayham street,0.0004
great eastern street,0.0004
broadcasting house,0.0004
venctia,0.00039
birchin,0.00039
purcell room,0.00039
caen wood,0.00039
chepstow road,0.00039
london bridge wharf,0.00039
addington park,0.00039
le monde,0.00039
draycott place,0.00039
walpole road,0.00039
balham hill,0.00039
vere street,0.00039
aldgate high street,0.00039
southwark bridge road,0.00039
covent gar den,0.00039
mildmay park,0.00039
lansdowne house,0.00039
spanswick,0.00039
llundain,0.00039
aytoun,0.00039
st james s market,0.00039
british museum library,0.00038
college garden,0.00038
chester terrace,0.00038
bucklesbury,0.00038
greenwich theatre,0.00038
newcomen street,0.00038
chiselhurst,0.00038
oxendon street,0.00038
sidcup,0.00038
wormwood scrubs,0.00038
canada square,0.00037
maitland park road,0.00037
fann street,0.00037
garlick hill,0.00037
gloucester avenue,0.00037
paules churchyard,0.00037
romford road,0.00037
st ethel,0.00037
london county,0.00037
norwood junction,0.00037
threadneedle,0.00037
ridley road,0.00037
kensington park gardens,0.00037
mansion house fund,0.00037
penywern road,0.00037
whittington hospital,0.00037
stepney causeway,0.00037
bromley by bow,0.00037
hammerfmith,0.00036
bolingbroke grove,0.00036
tibbald,0.00036
roehampton lane,0.00036
south wark bridge,0.00036
great st helen,0.00036
goulston street,0.00036
st george s hanover square,0.00036
multon,0.00036
maida hill,0.00036
modern england,0.00036
woodgreen,0.00036
mare street,0.00036
winchmore,0.00036
coldbath fields,0.00036
serpentine lake,0.00036
fulham road london,0.00036
addle hill,0.00036
waltham forest,0.00036
london tower,0.00035
st mary s terrace,0.00035
white hart yard,0.00035
millwall,0.00035
piccadilly hotel,0.00035
south audley,0.00035
belsize lane,0.00035
chiswick gardens,0.00035
dowgate hill,0.00035
frankau,0.00035
queen consort,0.00035
bellerby,0.00035
golders green road,0.00035
queen s gallery,0.00035
southwark park,0.00035
london east end,0.00035
lollard s tower,0.00035
alperton,0.00035
highbury new park,0.00035
lord palmerston,0.00035
thurloe place,0.00034
roehamp,0.00034
crespigny park,0.00034
harrow weald,0.00034
victoria line,0.00034
covent garden opera house,0.00034
char ing cross,0.00034
st clement s hospital,0.00034
fulwell,0.00034
st pancras town hall,0.00034
karnac,0.00034
hampstead garden,0.00034
ludgate hill station,0.00034
hotel london,0.00034
monkwell street,0.00034
thavies inn,0.00034
magna charta island,0.00034
battersea high street,0.00034
londun,0.00034
nottingham place,0.00033
knightrider street,0.00033
balham high road,0.00033
queens square,0.00033
green wich park,0.00033
satzuma,0.00033
tallis street,0.00033
sistova,0.00033
st matthew s,0.00033
london zoological gardens,0.00033
pepys road,0.00033
oovent garden,0.00033
chester gate,0.00033
west india docks,0.00033
prince of wales theatre,0.00033
heneage street,0.00033
nunhead cemetery,0.00033
south moulton street,0.00033
lower richmond road,0.00033
chiswell street,0.00033
bunhill,0.00033
severndroog,0.00033
northumberland house,0.00033
roehampton gate,0.00033
hampton court park,0.00033
h m s london,0.00032
whiteleys,0.00032
albermarle street,0.00032
voysey,0.00032
st johns wood,0.00032
pancras,0.00032
copthall avenue,0.00032
spenlow,0.00032
surrey canal,0.00032
victoria docks,0.00032
royal institution of great britain,0.00032
chryssell road,0.00032
broad sanctuary,0.00032
old vic,0.00032
enfield chase,0.00032
stamfordbridge,0.00032
west india station,0.00032
st lawrence poultney,0.00031
royds,0.00031
upper st martin s lane,0.00031
almayne,0.00031
kingdom of portugal,0.00031
lewisham road,0.00031
grosvenor chapel,0.00031
exmouth street,0.00031
purley way,0.00031
marloes road,0.00031
new fetter lane,0.00031
heatherley,0.00031
york hall,0.00031
scarfe,0.00031
prince of wales drive,0.00031
marylebone fields,0.00031
st john s gate,0.00031
lewisham high street,0.00031
inner temple hall,0.00031
queen s theatre,0.00031
conway hall,0.00031
manor park road,0.00031
queen s tower,0.00031
acton green,0.0003
inn road london,0.0003
wealdstone,0.0003
pleasaunce,0.0003
waterloo bridge road,0.0003
lady hertford,0.0003
polydamas,0.0003
co vent garden,0.0003
london labour,0.0003
taviton street,0.0003
millbank prison,0.0003
hatcham,0.0003
corinthia,0.0003
lud gate hill,0.0003
st antholin,0.0003
eversholt street,0.0003
st lawrence pountney,0.0003
abbey wood,0.0003
west wickham,0.0003
azof,0.00029
eccleston street,0.00029
lower belgrave street,0.00029
elsham road,0.00029
great london,0.00029
st pancras road,0.00029
vincula,0.00029
little green,0.00029
great peter street,0.00029
upper gloucester place,0.00029
blackstock road,0.00029
maudsley hospital,0.00029
aldgate station,0.00029
satalia,0.00029
hanina,0.00029
winchilsea,0.00029
clapton square,0.00029
tate britain,0.00029
marylebone street,0.00029
devonshire house,0.00029
curtain road,0.00029
rich mond park,0.00029
methuen london,0.00029
bishopgate street,0.00029
polani,0.00029
well hall,0.00028
dulwich village,0.00028
victoria embankment,0.00028
philpot street,0.00028
down street,0.00028
croham road,0.00028
kew road,0.00028
fulham palace,0.00028
mansion house station,0.00028
ken sington gardens,0.00028
fortess road,0.00028
crutched friars,0.00028
lancaster place,0.00028
chels eld,0.00028
gunnersbury park,0.00028
britain street,0.00028
croud,0.00028
throgmorton avenue,0.00028
temple place,0.00028
central hill,0.00027
arundel gardens,0.00027
belsize park gardens,0.00027
north brixton,0.00027
worple road,0.00027
southwarke,0.00027
st andrew s holborn,0.00027
barn hill,0.00027
wetherby gardens,0.00027
st petersburgh place,0.00027
mountview,0.00027
london england,0.00027
north harrow,0.00027
wellington lodge,0.00027
leaden hall street,0.00027
london embassy,0.00027
treadgold,0.00027
yarico,0.00027
victoria tower gardens,0.00027
panton square,0.00027
praed,0.00027
st edmund the king,0.00027
norton folgate,0.00027
prince consort road,0.00026
south bank centre,0.00026
upper ground,0.00026
brocklebank,0.00026
st katharine docks,0.00026
millbank tower,0.00026
temple station,0.00026
inner temple gardens,0.00026
glengall,0.00026
munster road,0.00026
battersea bridge road,0.00026
st martin s lane london,0.00026
st mar tin s lane,0.00026
cloak lane,0.00026
bohemian london,0.00026
brondesbury park,0.00026
harrington road,0.00026
prebend street,0.00026
maiva,0.00026
du cane road,0.00026
petherton road,0.00026
hammersmith terrace,0.00026
folly brook,0.00026
queen elizabeth hall,0.00026
manchester square london,0.00026
hornsey lane,0.00026
lpndon,0.00026
bramham gardens,0.00026
colet gardens,0.00025
woodland gardens,0.00025
foster lane,0.00025
hamsted,0.00025
london poly,0.00025
chobham road,0.00025
gospatric,0.00025
vestry hall,0.00025
westow hill,0.00025
tufnell park road,0.00025
lower clapton road,0.00025
cholmley,0.00025
great eastcheap,0.00025
powis square,0.00025
imperial england,0.00025
rotherhithe,0.00025
penton street,0.00025
carter lane london,0.00025
london borough,0.00025
campden hill square,0.00025
billingsgate ward,0.00025
blomfield road,0.00025
glenthorne,0.00024
kotherhithe,0.00024
st bride s church,0.00024
pavilion road,0.00024
botolph lane,0.00024
belsize road,0.00024
sanderstead,0.00024
mildmay road,0.00024
orpington hospital,0.00024
new london bridge,0.00024
wandsworth high street,0.00024
hattou garden,0.00024
honor oak park,0.00024
westminster central hall,0.00024
cadogan terrace,0.00024
st peter ad vincula,0.00024
caprini,0.00024
lightermen,0.00024
lincolns inn,0.00024
bulstrode street,0.00024
londonin,0.00024
cambridge heath road,0.00024
mostyn road,0.00024
old jewry,0.00024
paddington basin,0.00024
london west end,0.00024
croydon railway,0.00024
fleet river,0.00024
hampslead,0.00024
queens gate,0.00024
claridge s hotel,0.00024
thatched house,0.00023
victoria embankment gardens,0.00023
st john s wood park,0.00023
lord spencer,0.00023
frowde,0.00023
leinster gardens,0.00023
scarbrook road,0.00023
merton hall,0.00023
inchbald,0.00023
mabledon place,0.00023
london season,0.00023
woolwicli,0.00023
great alie street,0.00023
bromley road,0.00023
petergate,0.00023
blackfriar s bridge,0.00023
fleetftreet,0.00023
great portland street london,0.00023
early britain,0.00023
bartholomew close,0.00023
tottenham lane,0.00023
austin friars,0.00023
british gallery,0.00023
lincoln s inn hall,0.00023
malet street,0.00023
stanford bridge,0.00023
ancient britain,0.00023
islington high street,0.00023
gillingham street,0.00023
fulbam,0.00023
st martins lane,0.00023
ashmole,0.00023
london port,0.00023
moorfields eye hospital,0.00023
william iv street,0.00023
buckingham palace hotel,0.00022
great dover street,0.00022
south ken sington,0.00022
serpentine gallery,0.00022
tudor london,0.00022
faringdon road,0.00022
eltham palace,0.00022
pevensey road,0.00022
kensington close hotel,0.00022
vestminster hall,0.00022
duppas hill,0.00022
widmore,0.00022
croydon canal,0.00022
westboume grove,0.00022
chelsea bridge road,0.00022
furnival street,0.00022
old baile,0.00022
kingsland high street,0.00022
white lion street,0.00022
poplar walk,0.00022
lincoln s inn,0.00022
covent gardens,0.00022
farm street,0.00022
rochester row,0.00022
charterhouse street,0.00022
chalton street,0.00022
lord southampton,0.00022
ennismore,0.00022
threadncedle street,0.00022
wimbledon hill road,0.00022
london maga zine,0.00021
royal naval college,0.00021
croydon airport,0.00021
barnehurst,0.00021
shoreditch town hall,0.00021
putney vale,0.00021
selhurst,0.00021
thornhill square,0.00021
gloucester gardens,0.00021
watford road,0.00021
rainham hall,0.00021
hampstead lane,0.00021
pauls churchyard,0.00021
houlston,0.00021
lower grosvenor place,0.00021
kingsway hall,0.00021
stam ford bridge,0.00021
vestminster,0.00021
south hamp,0.00021
craven cottage,0.00021
west thornton,0.00021
wandfworth,0.00021
british union,0.00021
goswell street road,0.0002
london waterloo,0.0002
savoy chapel,0.0002
covent garden opera,0.0002
maryle bone road,0.0002
london chronicle,0.0002
arnos grove,0.0002
wentworth place,0.0002
london bank,0.0002
soutliwark,0.0002
montagu place,0.0002
londcn,0.0002
govent garden,0.0002
carmelite street,0.0002
upper tulse hill,0.0002
porchester square,0.0002
ball s pond,0.0002
bowling green lane,0.0002
en eld,0.0002
montague place,0.0002
lawlands,0.0002
porchester hall,0.0002
st james s library,0.0002
baroncelli,0.0002
cleveland square,0.0002
solebay,0.0002
caledonia road,0.0002
brampton road,0.00019
south woodford,0.00019
hanover gate,0.00019
lanthorn tower,0.00019
central siam,0.00019
clapham park road,0.00019
theleme,0.00019
london chest hospital,0.00019
london literary world,0.00019
horniman,0.00019
shephard,0.00019
london paris,0.00019
bermondsey abbey,0.00019
notre dame de france,0.00019
south place,0.00019
londonl,0.00019
wellington statue,0.00019
london philhar,0.00019
st mary le bow,0.00019
ampton street,0.00019
lonton,0.00019
creechurch lane,0.00019
maresfield gardens,0.00019
kendal road,0.00019
st saviour s road,0.00019
great eastern road,0.00019
selsdon road,0.00019
london poor,0.00019
british island,0.00019
calais gate,0.00019
selsdon park,0.00019
lane london,0.00019
city rd ,0.00019
queenstown road,0.00018
kensal road,0.00018
lambeth hill,0.00018
eastcastle street,0.00018
st george the martyr,0.00018
hampstcad,0.00018
south eastern england,0.00018
sw3,0.00018
west acton,0.00018
london city mission,0.00018
betterton street,0.00018
west of london,0.00018
pottery lane,0.00018
east smithfield,0.00018
lowlands road,0.00018
south of london,0.00018
battersea rise,0.00018
nassington road,0.00018
chesilton,0.00018
adelphi theatre,0.00018
marylebone park,0.00018
gray s inn gate,0.00018
st james s park station,0.00018
u k london,0.00018
malinka,0.00018
portpool lane,0.00018
pycroft,0.00018
clerkenwcll,0.00018
great winchester street,0.00018
victoria st ,0.00018
gunnersbury avenue,0.00018
macfarren,0.00018
dartford creek,0.00018
covent garden piazza,0.00018
hoxton new town,0.00018
laurillard,0.00018
chessing,0.00018
sloane gardens,0.00018
wandsworth bridge road,0.00018
coyent garden,0.00018
upper edmonton,0.00018
new inn yard,0.00018
ladbroke square,0.00017
devereux tower,0.00017
west hamp,0.00017
north cray,0.00017
dartmouth park,0.00017
hamstead,0.00017
limchouse,0.00017
southwark park road,0.00017
moor elds,0.00017
great castle street,0.00017
lefevre gallery,0.00017
moorgate place,0.00017
jennyn street,0.00017
bethnal,0.00017
cahusac,0.00017
london polytechnics,0.00017
azuni,0.00017
portland gallery,0.00017
crouch hill,0.00017
cambridge cottage,0.00017
tollington,0.00017
new cross gate,0.00017
londpn,0.00017
mort lake,0.00017
whitgift,0.00017
kidbrooke,0.00017
harlesden road,0.00017
royal marsden hospital,0.00017
s kensington museum,0.00017
s kensington,0.00017
lewisham high road,0.00017
clareville grove,0.00017
holland villas road,0.00017
the theatre,0.00017
sackvilles,0.00017
holborn london,0.00017
kew england,0.00017
brunswick centre,0.00016
fonthill road,0.00016
hoxton old town,0.00016
porchester gardens,0.00016
deptford town hall,0.00016
gloucester square,0.00016
london joint city,0.00016
willcsden,0.00016
barbican centre,0.00016
buckingham palace gardens,0.00016
kabiri,0.00016
chcapside,0.00016
green street green,0.00016
great guildford street,0.00016
totham,0.00016
greenw,0.00016
moorfields hospital,0.00016
london oxford,0.00016
kingly street,0.00016
cheapsidc,0.00016
western railway of france,0.00016
cricklewood broadway,0.00016
ruislip,0.00016
gayfere street,0.00016
southwork,0.00016
westminster hotel,0.00016
north cheam,0.00016
evering road,0.00016
rectory road,0.00016
hertford house,0.00016
london station,0.00016
waterloo bridges,0.00016
cheapeside,0.00016
st martin s in the fields,0.00016
upper homerton,0.00015
hendon aerodrome,0.00015
kuyunjik,0.00015
moorgate street station,0.00015
bromley street,0.00015
st george in the east,0.00015
sobo square,0.00015
belgrave street,0.00015
gledhow gardens,0.00015
bethnal green museum,0.00015
sardinia street,0.00015
old brentford,0.00015
loiidon,0.00015
cainberwell,0.00015
whitechapel gallery,0.00015
tweeddale,0.00015
west end london,0.00015
chrysos,0.00015
south wark street,0.00015
stanmore hill,0.00015
pelter bridge,0.00015
londbn,0.00015
wanstead park,0.00015
london mail,0.00015
surry street,0.00015
oakleigh park,0.00015
jermyn street museum,0.00015
st bartholo mew s hospital,0.00015
millbank penitentiary,0.00015
new brentford,0.00015
chifwick,0.00015
knightshridge,0.00015
mandeville place,0.00015
hainhault,0.00015
umfreville,0.00015
brondesbury road,0.00015
strand bridge,0.00015
georgian england,0.00015
colville square,0.00015
streatham high road,0.00015
spafields,0.00015
st loo,0.00014
watermeads,0.00014
crimthan,0.00014
great stanmore,0.00014
thamesmead,0.00014
royal opera,0.00014
clapham rise,0.00014
ilatton garden,0.00014
twickenham town,0.00014
margiana,0.00014
well hall road,0.00014
trig lane,0.00014
little college street,0.00014
deanery street,0.00014
exchange square,0.00014
goupil gallery,0.00014
ladywell,0.00014
marshalsea road,0.00014
fentiman road,0.00014
london guildhall,0.00014
london brighton,0.00014
hounslow road,0.00014
guildhall yard,0.00014
st bride s house,0.00014
london opera house,0.00014
oamberwell,0.00014
hide park,0.00014
white hart court,0.00014
park village east,0.00014
lots road,0.00014
mogden,0.00014
beckton road,0.00014
liffe,0.00014
aubers ridge,0.00014
blackfriar,0.00014
whitechapel district,0.00014
outer london,0.00014
carburton street,0.00014
elverton street,0.00014
blechynden,0.00014
fulham town hall,0.00014
austinfriars,0.00014
amathus,0.00014
cranham hall,0.00013
kingston on thames,0.00013
welling,0.00013
botherhithe,0.00013
kennington green,0.00013
edgeware,0.00013
darfoor,0.00013
pyrgo,0.00013
london victoria,0.00013
glasgow bridewell,0.00013
wimpole st ,0.00013
little chelsea,0.00013
greater japan,0.00013
west of eng,0.00013
dean s yard,0.00013
great titch eld street,0.00013
delahay street,0.00013
albert memorial chapel,0.00013
hanipstead,0.00013
king emperor,0.00013
armit,0.00013
london terminus,0.00013
middlesex polytechnic,0.00013
new river head,0.00013
greenwich market,0.00013
london world,0.00013
st georgio,0.00013
park royal road,0.00013
friern park,0.00013
great maze pond,0.00013
st martin in,0.00013
myddleton square,0.00013
east fulham,0.00013
northumber land avenue,0.00013
st bartholomew s hospi,0.00013
bessborough gardens,0.00013
lower grosvenor street,0.00013
brandenburgh house,0.00013
lower sydenham,0.00013
morden road,0.00013
upper sydenham,0.00013
vassall road,0.00013
loudoun road,0.00012
modern london,0.00012
ebury bridge road,0.00012
sicilian avenue,0.00012
moosh,0.00012
painted hall,0.00012
kew observatory,0.00012
ebury,0.00012
etheldreda,0.00012
holywell lane,0.00012
north acton,0.00012
middle hall,0.00012
charter house square,0.00012
marylebone theatre,0.00012
west minster abbey,0.00012
hungerford suspension bridge,0.00012
london metropolitan,0.00012
palmers green,0.00012
croydon aerodrome,0.00012
london philharmonic,0.00012
greenwich pensioner,0.00012
prince s gardens,0.00012
upper grosvenor,0.00012
bethlem royal,0.00012
carnaby,0.00012
cranley gardens,0.00012
lvndon,0.00012
london garden,0.00012
baglioni,0.00012
st alfege,0.00012
brompton hospital,0.00012
every city,0.00012
crosby place,0.00012
lea bridge road,0.00012
homchurch,0.00012
dulwich park,0.00012
court gardens,0.00012
london area,0.00012
shoreditch church,0.00012
wormwood street,0.00011
low hall,0.00011
middle temple library,0.00011
halkerston,0.00011
lodon,0.00011
eondon,0.00011
parsloes,0.00011
london building,0.00011
salford road,0.00011
childs hill,0.00011
glengall road,0.00011
loodon,0.00011
old drury,0.00011
royal lancaster hotel,0.00011
st j ames s park,0.00011
upper tooting,0.00011
cromwell road london,0.00011
oheapside,0.00011
road london,0.00011
jewin street,0.00011
ponte nuovo,0.00011
queen victoria street london,0.00011
waughton,0.00011
barking road,0.00011
old church street,0.00011
bethlem hospital,0.00011
batty langley,0.00011
belgravla,0.00011
st peter s vicarage,0.00011
londinum,0.00011
earls court square,0.00011
salusbury,0.00011
zoological gardens of london,0.00011
gants hill,0.00011
hoe street,0.00011
west ham park,0.00011
knightsbridge green,0.00011
westow street,0.00011
waddon,0.00011
st bride s churchyard,0.00011
edgwarc road,0.00011
holborn theatre,0.00011
fenehurch street,0.00011
hardyng,0.00011
dagenham dock,0.00011
canonbury tower,0.00011
farringdon street station,0.00011
st james st ,0.00011
knightbridge,0.00011
st james s coffee house,0.00011
basedale,0.00011
vaux hall gardens,0.00011
bishopsgate,0.00011
croydon road,0.00011
waddington gallery,0.00011
hargrave park,0.00011
canons park,0.00011
barbican hall,0.00011
st george s east,0.00011
grenville place,0.00011
shell mex,0.00011
connanght,0.00011
bankof england,0.00011
great cumberland,0.0001
hornton street,0.0001
fulbourne road,0.0001
west lon,0.0001
u c l ,0.0001
middlesex poly,0.0001
london alderman,0.0001
dartmouth park road,0.0001
london symphony,0.0001
trecothick,0.0001
furnivall,0.0001
spital elds,0.0001
nambucca,0.0001
hoxton fields,0.0001
inner hall,0.0001
london festival ballet,0.0001
baker street london,0.0001
grosveuor square,0.0001
probsthain,0.0001
lampton,0.0001
marlboro street,0.0001
london docklands,0.0001
houns,0.0001
euston rd ,0.0001
south molton st ,0.0001
stroud green road,0.0001
upper belgrave street,0.0001
royal laboratory,0.0001
philbeach gardens,0.0001
turkey street,0.0001
fulham rd ,0.0001
grosvenor crescent,0.0001
elbrook,0.0001
oornhill,0.0001
ludoate hill,0.0001
baldwin s gardens,0.0001
st paul s station,0.0001
mitcham junction,0.0001
gore house,0.0001
london branch,0.0001
grosvcnor square,0.0001
cbiswick,0.0001
leinster road,0.0001
arundel house,0.0001
lonaon,0.0001
bokenham,0.0001
british museum ms ,0.0001
cambcrwell,0.0001
royal college of art,0.0001
camherwell,0.0001
griitz,0.0001
tyssen street,0.0001
aldgate street,0.0001
polski,0.0001
denmark street,0.0001
st pancras way,0.0001
st mary overies,0.0001
streatham hill station,0.0001
blackheath park,0.0001
burnt ash hill,0.0001
losdon,0.0001
wardour st ,0.0001
oxford st ,0.0001
victorian london,0.0001
heylyn,9e-05
lewisham hospital,9e-05
east india dock,9e-05
st giles in,9e-05
jermyn street london,9e-05
kallaway,9e-05
linguaphone,9e-05
londqn,9e-05
ux bridge,9e-05
cambridge heath,9e-05
chiswick park,9e-05
canonbury road,9e-05
hampstead way,9e-05
teddington weir,9e-05
paules church yard,9e-05
battersca,9e-05
u s a london,9e-05
brunei road,9e-05
alban hall,9e-05
hereford gardens,9e-05
hampton court green,9e-05
pennethorne,9e-05
flodden road,9e-05
carlyle square,9e-05
dyne road,9e-05
lamheth,9e-05
london ballet,9e-05
charing crosse,9e-05
holhorn,9e-05
old southwark,9e-05
kingston polytechnic,9e-05
ludgatc hill,9e-05
eel brook,9e-05
queen charlotte s hospital,9e-05
cumberland terrace,9e-05
east bedfont,9e-05
farringdon market,9e-05
charterland,9e-05
lonsdale square,9e-05
warple way,9e-05
eomford,9e-05
iudea,9e-05
lambeth town hall,9e-05
streatham vale,9e-05
muswell,9e-05
filmer,9e-05
royal observatory,9e-05
chelsea physic garden,9e-05
greenwich meridian,9e-05
harefield park,9e-05
upper phillimore place,9e-05
argyll road,9e-05
ludqate hill,9e-05
birkbeck hill,9e-05
ballards lane,9e-05
stevenage road,9e-05
rutland gardens,9e-05
bina gardens,9e-05
kensington high,9e-05
clifford s inn hall,9e-05
knatchbull road,9e-05
cambenvell,9e-05
mitcham road,9e-05
waterloo junction,9e-05
hannondsworth,9e-05
bennondsey,8e-05
comeragh road,8e-05
metropolitan tabernacle,8e-05
leicester square theatre,8e-05
spreckley,8e-05
bacovia,8e-05
wackett,8e-05
vicarage house,8e-05
crossness,8e-05
iseldon,8e-05
black orpington,8e-05
alie street,8e-05
northumberland ave,8e-05
lyndhurst gardens,8e-05
hollymount,8e-05
lumbricus,8e-05
child s hill,8e-05
trent park,8e-05
london hippodrome,8e-05
sonthwark,8e-05
shoreditcb,8e-05
st sepulchres,8e-05
east lon,8e-05
torriano,8e-05
battersea arts centre,8e-05
bcthnal green,8e-05
stretham,8e-05
covont garden,8e-05
oxford street london,8e-05
thanet house,8e-05
savoy theatre,8e-05
totenham,8e-05
west london mission,8e-05
northampton road,8e-05
northcote road,8e-05
m r c s london,8e-05
deptford bridge,8e-05
norman isles,8e-05
woronzow road,8e-05
kensington garden,8e-05
lonoon,8e-05
portland place london,8e-05
lombard street london,8e-05
central place,8e-05
st giles street,7e-05
st mary woolnoth,7e-05
bowyer tower,7e-05
grayes inne,7e-05
east india station,7e-05
lichnowsky,7e-05
canfield gardens,7e-05
lambhith,7e-05
streatham park,7e-05
bolsover street,7e-05
piccadilly street,7e-05
great tower hill,7e-05
river wandle,7e-05
great wild street,7e-05
old pye street,7e-05
abbey orchard street,7e-05
finborough road,7e-05
eltham park,7e-05
disraeli road,7e-05
upper addison gardens,7e-05
macclesfield street,7e-05
hillmarton,7e-05
beverley brook,7e-05
jerusalem tavern,7e-05
harnham,7e-05
fordwych road,7e-05
kusan,7e-05
kennlngton,7e-05
chatsworth gardens,7e-05
bryanston street,7e-05
sloan street,7e-05
london wl,7e-05
priory park road,7e-05
arundel square,7e-05
buck ingham palace,7e-05
great bell,7e-05
south hackney,7e-05
marylebone infirmary,7e-05
london philharmonic orchestra,7e-05
chlswick,7e-05
st augustine s road,7e-05
chadwell heath,7e-05
london banks,7e-05
greater london area,7e-05
prince regent of portugal,7e-05
highgatc,7e-05
united societies,7e-05
portland vase,7e-05
st giles s in the fields,7e-05
lewisham way,7e-05
lewisham hill,7e-05
nether hall,7e-05
elm park gardens,7e-05
cholmeley park,7e-05
tolworth,6e-05
hamstead road,6e-05
falconwood,6e-05
balls pond,6e-05
upper lodge,6e-05
west halkin street,6e-05
lisson gallery,6e-05
inderwick,6e-05
st helen s place,6e-05
gresse street,6e-05
breakspears road,6e-05
lorrimore square,6e-05
hospital road,6e-05
great st helens,6e-05
vestminster bridge,6e-05
thrcadneedle street,6e-05
bucking ham palace,6e-05
st dunstan s in the west,6e-05
st osmund,6e-05
st james s road,6e-05
st bartholomew the great,6e-05
midland grand hotel,6e-05
croxted road,6e-05
vauxhall bridge rd,6e-05
alexandra park road,6e-05
motcomb,6e-05
poplar forest,6e-05
whinchat,6e-05
euston grove,6e-05
haredale,6e-05
musicke,6e-05
london john murray,6e-05
london sw1,6e-05
f r c p lond ,6e-05
sutton court road,6e-05
cartwright gardens,6e-05
st pauls churchyard,6e-05
oppidans road,6e-05
elsworthy road,6e-05
fanon,6e-05
kilburn priory,6e-05
queen s chapel,6e-05
lothhury,6e-05
old cavendish street,5e-05
middle temple gate,5e-05
rylston,5e-05
fenchureh street,5e-05
bloomsbury square london,5e-05
blackheath road,5e-05
shooters hill,5e-05
deptford broadway,5e-05
brockley park,5e-05
compayne gardens,5e-05
kingsley hall,5e-05
bascule bridge,5e-05
boston manor road,5e-05
nanfan,5e-05
mortlakc,5e-05
upper clapton,5e-05
bloomsbury chapel,5e-05
nabab,5e-05
ossulston street,5e-05
stafford hotel,5e-05
mallord street,5e-05
graeechurch street,5e-05
dagcnham,5e-05
white london,5e-05
tanza road,5e-05
crovdon,5e-05
cherry orchard road,5e-05
eufield,5e-05
highbury grove,5e-05
london centre,5e-05
albemarle street london,5e-05
bethnall green,5e-05
hillmarton road,5e-05
ciapham,5e-05
govern garden,5e-05
greenland dock,5e-05
county london,5e-05
craven park road,5e-05
winchester palace,5e-05
st petersburg place,5e-05
new left review,5e-05
parkside hospital,5e-05
george yard,5e-05
paddingtou,5e-05
london nw3,5e-05
portland hospital,5e-05
st paneras,5e-05
new bond st ,5e-05
london bridge terminus,5e-05
tenter street,5e-05
haymarket street,5e-05
savernake road,5e-05
enfield lock,5e-05
hampstead hill gardens,5e-05
cassland road,5e-05
colindale avenue,5e-05
kentish mercury,4e-05
downe,4e-05
alexandra road,4e-05
kensal new town,4e-05
beckenham lane,4e-05
idol lane,4e-05
pentonville road london,4e-05
globe theatre,4e-05
elmstead,4e-05
olerkenwell,4e-05
st bar tholomew s hospital,4e-05
syon park,4e-05
richmond lock,4e-05
avonmore road,4e-05
auldjo,4e-05
fairlop,4e-05
park square east,4e-05
woolwich road,4e-05
victoria embank,4e-05
old kent,4e-05
great portland,4e-05
w london,4e-05
greenwich railway,4e-05
greenwitch,4e-05
bedlem,4e-05
sherboro,4e-05
jarndyce,4e-05
ilainault,4e-05
woodford wells,4e-05
becontree,4e-05
london union,4e-05
gray s inn hall,4e-05
pepys street,4e-05
londoni,4e-05
zoological society s gardens,4e-05
ilampstead,4e-05
archer street,4e-05
blackwall railway,4e-05
gresham col lege,4e-05
guildhall library,4e-05
kenniugton,4e-05
shacklewell,4e-05
bethual green,4e-05
goldsmith s hall,4e-05
old st pancras,4e-05
gracechnrch street,4e-05
jcrmyn street,4e-05
st sepul chre,4e-05
munster square,4e-05
london pub,4e-05
felltham,4e-05
restoration england,4e-05
st martin s place,4e-05
orme square,3e-05
saint marylebone,3e-05
whitechapel union,3e-05
beijing spring,3e-05
coveut garden,3e-05
camden soc,3e-05
marlborough gallery,3e-05
upper montagu street,3e-05
marshalsca,3e-05
aratus,3e-05
london east,3e-05
smith eld market,3e-05
water poet,3e-05
st sepulchre s church,3e-05
st peter le poor,3e-05
horniman museum,3e-05
london planetarium,3e-05
bcrmondsey,3e-05
clieapside,3e-05
knightsbridge london,3e-05
whitton,2e-05
betlmal green,2e-05
mortlake road,2e-05
abchurch,2e-05
inner temple gate,2e-05
saint pancras,2e-05
clapbam,2e-05
harleian library,2e-05
haynault,2e-05
londn,2e-05
lam beth,2e-05
graceohurch street,2e-05
albe marle street,2e-05
great russell,2e-05
aldersgatc street,2e-05
lmdon,2e-05
norland square,2e-05
the city of london,2e-05
vauxhall street,2e-05
liondon,2e-05
greenwich observatory,1e-05
wauton,1e-05
feuchurch street,1e-05
uk us,1e-05
uolborn,1e-05
bermoudsey,1e-05
